{
    "users": [
        {
            "emailId": "mbharti321@gmail.com",
            "password": "12345678"
        },
        {
            "emailId": "mbharti@gmail.com",
            "password": "password"
        },
        {
            "emailId": "manish@gmail.com",
            "password": "password"
        },
        {
            "emailId": "joseph@gmail.com",
            "password": "293sfvdet"
        }
        ,
        {
            "emailId": "1947235",
            "password": "password"
        }
    ]
}